{
    "common": {
        "about": "Über",
        "appdaemon": "AppDaemon",
        "appdaemon_apps": "AppDaemon Apps",
        "background_task": "Hintergrundprozess läuft. Diese Seite lädt neu, sobald dieser fertig ist.",
        "check_log_file": "Überprüfe die Logdatei für weitere Informationen.",
        "continue": "Fortfahren",
        "disabled": "Deaktiviert",
        "documentation": "Dokumentation",
        "hacs_is_disabled": "HACS ist deaktiviert",
        "installed": "Installiert",
        "integration": "Integration",
        "integrations": "Integrationen",
        "manage": "verwalten",
        "plugin": "Plugin",
        "plugins": "Plugins",
        "python_script": "Python Skript",
        "python_scripts": "Python Skripte",
        "repositories": "Repositories",
        "settings": "Einstellungen",
        "theme": "Theme",
        "themes": "Themes",
        "version": "Version"
    },
    "config": {
        "abort": {
            "single_instance_allowed": "Es ist nur eine einzelne HACS-Instanz erlaubt."
        },
        "error": {
            "auth": "Persönlicher Zugriffstoken ist falsch."
        },
        "step": {
            "user": {
                "data": {
                    "appdaemon": "AppDaemon App-Discovery & Tracking aktivieren",
                    "python_script": "Python Script-Discovery & Tracking aktivieren",
                    "sidepanel_icon": "Sidepanel Symbol",
                    "sidepanel_title": "Sidepanel Titel",
                    "theme": "Theme-Discovery & Tracking aktivieren",
                    "token": "Persönlicher GitHub Zugriffstoken"
                },
                "description": "Wenn du Hilfe mit den Einstellungen brauchst, kannst du hier nachsehen: https:\/\/hacs.xyz\/docs\/configuration\/start",
                "title": "HACS (Home Assistant Community Store)"
            }
        },
        "title": "HACS (Home Assistant Community Store)"
    },
    "confirm": {
        "add_to_lovelace": "Möchtest du dies wirklich zu deinen Lovelace-Ressourcen hinzufügen?",
        "bg_task": "Die Aktion ist deaktiviert, während Hintergrundprozesse ausgeführt werden.",
        "cancel": "Abbrechen",
        "continue": "Bist du dir sicher, dass du fortfahren möchtest?",
        "delete": "Möchtest du \"{item}\" wirklich löschen?",
        "delete_installed": "'{item}' ist installiert. Du musst es deinstallieren, bevor du es löschen kannst.",
        "exist": "{item} existiert bereits",
        "generic": "Bist du dir sicher?",
        "no": "Nein",
        "no_upgrades": "Keine Upgrades ausstehend",
        "ok": "OK",
        "overwrite": "Dadurch wird die Datei überschrieben.",
        "reload_data": "Hierdurch werden die Daten aller Repositories die HACS kennt neu geladen. Dies wird einige Zeit in Anspruch nehmen.",
        "uninstall": "Möchtest du \"{item}\" wirklich deinstallieren?",
        "upgrade_all": "Hierdurch werden all diese Repositories aktualisiert. Stelle sicher, dass du die Versionshinweise vorher gelesen hast.",
        "yes": "Ja"
    },
    "options": {
        "step": {
            "user": {
                "data": {
                    "country": "Nach Ländercode filtern.",
                    "debug": "Debug aktivieren.",
                    "experimental": "Experimentelle Funktionen aktivieren",
                    "release_limit": "Anzahl anzuzeigender Releases."
                }
            }
        }
    },
    "repository_banner": {
        "integration_not_loaded": "Diese Integration ist in Home Assistant nicht geladen.",
        "not_loaded": "Nicht geladen",
        "plugin_not_loaded": "Dieses Plugin wurde deinen Lovelace-Ressourcen nicht hinzugefügt.",
        "restart": "Du musst Home Assistant neu starten.",
        "restart_pending": "Neustart ausstehend"
    },
    "repository": {
        "add_to_lovelace": "Zu Lovelace hinzufügen",
        "authors": "Autoren",
        "available": "Verfügbar",
        "back_to": "Zurück zu",
        "changelog": "Änderungsprotokoll",
        "downloads": "Downloads",
        "flag_this": "Melden",
        "frontend_version": "Frontend Version",
        "hide": "Verstecken",
        "hide_beta": "Beta verstecken",
        "install": "Installieren",
        "installed": "Installiert",
        "lovelace_copy_example": "Beispiel in die Zwischenablage kopieren",
        "lovelace_instruction": "Zum Hinzufügen zu deinen Lovelace-Einstellungen, benutze Folgendes",
        "lovelace_no_js_type": "Konnte die Art dieses Plugins nicht erkennen. Prüfe das Repository.",
        "newest": "neueste",
        "note_appdaemon": "du musst es dann noch in die Datei 'apps.yaml' hinzufügen",
        "note_installed": "Wird installiert nach",
        "note_integration": "du musst es dann noch in die Datei 'configuration.yaml' hinzufügen",
        "note_plugin": "du musst es dann noch in deine Lovelace-Einstellungen ('ui-lovelace.yaml' oder im Raw-Konfigurationseditor) hinzufügen",
        "open_issue": "Problem melden",
        "open_plugin": "Plugin öffnen",
        "reinstall": "Neu installieren",
        "repository": "Repository",
        "show_beta": "Beta anzeigen",
        "uninstall": "Deinstallieren",
        "update_information": "Aktualisierungsinformationen",
        "upgrade": "Aktualisieren"
    },
    "settings": {
        "add_custom_repository": "BENUTZERDEFINIERTES REPOSITORY HINZUFÜGEN",
        "adding_new_repo": "Hinzufügen eines neuen Repository '{repo}'",
        "adding_new_repo_category": "Mit der Kategorie '{category}'.",
        "bg_task_custom": "Custom Repositorys werden ausgeblendet, während Hintergrundaufgaben ausgeführt werden.",
        "category": "Kategorie",
        "compact_mode": "Kompakter Modus",
        "custom_repositories": "BENUTZERDEFINIERTE REPOSITORIES",
        "delete": "Löschen",
        "display": "Anzeige",
        "grid": "Gitter",
        "hacs_repo": "HACS repo",
        "hidden_repositories": "versteckte Repositories",
        "missing_category": "Du musst eine Kategorie auswählen.",
        "open_repository": "Repository öffnen",
        "reload_data": "Daten neu laden",
        "repository_configuration": "Repository Konfiguration",
        "save": "Speichern",
        "table": "Tabelle",
        "table_view": "Tabellenansicht",
        "unhide": "einblenden",
        "upgrade_all": "Alles aktualisieren"
    },
    "store": {
        "ascending": "Aufsteigend",
        "clear_new": "Alle neuen Repositories als gesehen markieren",
        "descending": "Absteigend",
        "last_updated": "Zuletzt aktualisiert",
        "name": "Name",
        "new_repositories": "Neue Repositories",
        "pending_upgrades": "Ausstehende Upgrades",
        "placeholder_search": "Suchbegriff eingeben…",
        "sort": "Sortieren",
        "stars": "Sterne",
        "status": "Status"
    },
    "time": {
        "ago": "vor",
        "day": "Tag",
        "days": "Tage",
        "hour": "Stunde",
        "hours": "Stunden",
        "minute": "Minute",
        "minutes": "Minuten",
        "month": "Monat",
        "months": "Monate",
        "one": "Eins",
        "second": "Sekunde",
        "seconds": "Sekunden",
        "year": "Jahr",
        "years": "Jahre"
    }
}