{
    "common": {
        "about": "O",
        "appdaemon": "AppDaemon",
        "appdaemon_apps": "Aplikacje AppDaemon",
        "background_task": "Wykonywanie zadania w tle, ta strona zostanie odświeżona, gdy zadanie zostanie ukończone.",
        "check_log_file": "Sprawdź plik dziennika, aby uzyskać więcej informacji.",
        "continue": "Kontynuuj",
        "disabled": "Wyłączony",
        "documentation": "Dokumentacja",
        "hacs_is_disabled": "HACS jest wyłączony",
        "installed": "zainstalowane",
        "integration": "Integracja",
        "integrations": "Integracje",
        "manage": "zarządzaj",
        "plugin": "Wtyczka",
        "plugins": "Wtyczki",
        "python_script": "Skrypt Python",
        "python_scripts": "Skrypty Python",
        "repositories": "Repozytoria",
        "settings": "ustawienia",
        "theme": "Motyw",
        "themes": "Motywy",
        "version": "Wersja"
    },
    "config": {
        "abort": {
            "single_instance_allowed": "Dozwolona jest tylko jedna konfiguracja HACS."
        },
        "error": {
            "auth": "Osobisty token dostępu jest nieprawidłowy."
        },
        "step": {
            "user": {
                "data": {
                    "appdaemon": "Włącz wykrywanie i śledzenie aplikacji AppDaemon",
                    "python_script": "Włącz wykrywanie i śledzenie skryptów Python",
                    "sidepanel_icon": "Ikona w panelu bocznym",
                    "sidepanel_title": "Tytuł w panelu bocznym",
                    "theme": "Włącz wykrywanie i śledzenie motywów",
                    "token": "Osobisty token dostępu GitHub"
                },
                "description": "Jeśli potrzebujesz pomocy w konfiguracji, przejdź na stronę: https:\/\/hacs.xyz\/docs\/configuration\/start\/",
                "title": "HACS (Home Assistant Community Store)"
            }
        },
        "title": "HACS (Home Assistant Community Store)"
    },
    "confirm": {
        "add_to_lovelace": "Na pewno chcesz dodać to do swoich zasobów Lovelace?",
        "bg_task": "Akcja jest wyłączona podczas wykonywania zadań w tle.",
        "cancel": "Anuluj",
        "continue": "Na pewno chcesz kontynuować?",
        "delete": "Na pewno chcesz usunąć \"{item}\"?",
        "delete_installed": "'{item}' jest zainstalowany, musisz go odinstalować zanim będziesz mógł go usunąć.",
        "exist": "{item} już istnieje",
        "generic": "Jesteś pewny?",
        "no": "Nie",
        "no_upgrades": "Brak oczekujących aktualizacji",
        "ok": "Ok",
        "overwrite": "Spowoduje to zastąpienie istniejącej kopii.",
        "reload_data": "To przeładowuje dane wszystkich repozytoriów, o których wie HACS, może to trochę potrwać.",
        "uninstall": "Na pewno chcesz odinstalować \"{item}\"?",
        "upgrade_all": "To uaktualni wszystkie te repozytoria, upewnij się, że przeczytałeś uwagi do wydania dla wszystkich z nich przed kontynuacją.",
        "yes": "Tak"
    },
    "options": {
        "step": {
            "user": {
                "data": {
                    "country": "Filtruj według kodu kraju",
                    "debug": "Włącz debugowanie.",
                    "experimental": "Włącz funkcje eksperymentalne",
                    "release_limit": "Liczba wydań do wyświetlenia"
                }
            }
        }
    },
    "repository_banner": {
        "integration_not_loaded": "Ta integracja nie jest załadowana do Home Assistant'a.",
        "not_loaded": "Nie załadowano",
        "plugin_not_loaded": "Ta wtyczka nie jest dodana do zasobów Lovelace.",
        "restart": "Musisz ponownie uruchomić Home Assistant'a.",
        "restart_pending": "Oczekiwanie na ponowne uruchomienie"
    },
    "repository": {
        "add_to_lovelace": "Dodaj do Lovelace",
        "authors": "Autorzy",
        "available": "Dostępna",
        "back_to": "Wróć do",
        "changelog": "Lista zmian",
        "downloads": "Pliki do pobrania",
        "flag_this": "Oflaguj",
        "hide": "Ukryj",
        "hide_beta": "Ukryj wydania beta",
        "install": "Zainstaluj",
        "installed": "Zainstalowano",
        "lovelace_copy_example": "Skopiuj przykład do schowka",
        "lovelace_instruction": "Interfejs użytkownika użyje tej wtyczki po dodaniu konfiguracji",
        "lovelace_no_js_type": "Nie można określić typu tej wtyczki, sprawdź repozytorium.",
        "newest": "najnowsza",
        "note_appdaemon": "musisz jeszcze dodać aplikację do pliku 'apps.yaml'",
        "note_installed": "Po zainstalowaniu dodatek będzie znajdować się w",
        "note_integration": "musisz jeszcze dodać integrację do pliku 'configuration.yaml'",
        "note_plugin": "musisz jeszcze dodać wtyczkę do konfiguracji interfejsu użytkownika (plik 'ui-lovelace.yaml' lub edytor interfejsu użytkownika)",
        "open_issue": "Powiadom o problemie",
        "open_plugin": "Otwórz dodatek",
        "reinstall": "Przeinstaluj",
        "repository": "Repozytorium",
        "show_beta": "Wyświetl wydania beta",
        "uninstall": "Odinstaluj",
        "update_information": "Informacje o aktualizacji",
        "upgrade": "Uaktualnij"
    },
    "settings": {
        "add_custom_repository": "DODAJ REPOZYTORIUM NIESTANDARDOWE",
        "adding_new_repo": "Dodawanie nowego repozytorium '{repo}'",
        "adding_new_repo_category": "Z kategorią '{category}'.",
        "bg_task_custom": "Niestandardowe repozytoria są ukryte podczas wykonywania zadań w tle.",
        "category": "Kategoria",
        "compact_mode": "Tryb kompaktowy",
        "custom_repositories": "REPOZYTORIA NIESTANDARDOWE",
        "delete": "Usuń",
        "display": "Sposób wyświetlania",
        "grid": "Siatka",
        "hacs_repo": "Repozytorium HACS",
        "hidden_repositories": "ukryte repozytoria",
        "missing_category": "Musisz wybrać kategorię",
        "open_repository": "Otwórz repozytorium",
        "reload_data": "Wczytaj ponownie dane",
        "repository_configuration": "Konfiguracja repozytorium",
        "save": "Zapisz",
        "table": "tabela",
        "table_view": "Widok tabeli",
        "unhide": "pokaż",
        "upgrade_all": "Uaktualnij wszystkie"
    },
    "store": {
        "ascending": "rosnąco",
        "clear_new": "Wyczyść wszystkie nowe repozytoria",
        "descending": "malejąco",
        "last_updated": "Ostatnia aktualizacja",
        "name": "Nazwa",
        "new_repositories": "Nowe repozytoria",
        "pending_upgrades": "Oczekujące aktualizacje",
        "placeholder_search": "Wprowadź wyszukiwane hasło...",
        "sort": "sortowanie",
        "stars": "Gwiazdy",
        "status": "Status"
    },
    "time": {
        "ago": "temu",
        "day": "dzień",
        "days": "dni",
        "hour": "godzina",
        "hours": "godziny",
        "minute": "minuta",
        "minutes": "minuty",
        "month": "miesiąc",
        "months": "miesięcy",
        "one": "Jeden",
        "second": "sekunda",
        "seconds": "sekundy",
        "year": "rok",
        "years": "lata"
    }
}