{
    "common": {
        "appdaemon": "AppDaemon",
        "appdaemon_apps": "AppDaemon Apps",
        "background_task": "Tarefa em segundo plano em execução, esta página será recarregada quando terminar.",
        "installed": "instalado",
        "integration": "Integração",
        "integrations": "Integrações",
        "plugin": "Plugin",
        "plugins": "Plugins",
        "python_script": "Python Script",
        "python_scripts": "Python Scripts",
        "repositories": "Repositórios",
        "settings": "configurações",
        "theme": "Tema",
        "themes": "Temas",
        "version": "Versão"
    },
    "config": {
        "abort": {
            "single_instance_allowed": "Apenas uma configuração do HACS é permitida."
        },
        "error": {
            "auth": "Token de acesso pessoal incorreto."
        },
        "step": {
            "user": {
                "data": {
                    "appdaemon": "Habilitar AppDaemon apps descoberta & rastreamento",
                    "python_script": "Habilitar python_scripts descoberta & rastreamento",
                    "sidepanel_icon": "Icone do painel lateral",
                    "sidepanel_title": "Titulo do painel lateral",
                    "theme": "Habilitar temas descoberta & rastreamento",
                    "token": "GitHub Token de acesso pessoal"
                },
                "description": "Se você preciar de ajuda com a configuração olhe aqui: https:\/\/hacs.xyz\/docs\/configuration\/start\/",
                "title": "HACS (Home Assistant Community Store)"
            }
        },
        "title": "HACS (Home Assistant Community Store)"
    },
    "options": {
        "step": {
            "user": {
                "data": {
                    "country": "Filtro pelo código do país.",
                    "experimental": "Ativar recursos experimentais",
                    "release_limit": "Número de lançamentos a serem exibidos."
                }
            }
        }
    },
    "repository": {
        "authors": "Autores",
        "available": "Disponível",
        "back_to": "Voltar para",
        "changelog": "Changelog",
        "flag_this": "Sinalizar isso",
        "hide": "Esconder",
        "hide_beta": "Esconder beta",
        "install": "Instalar",
        "installed": "Instalado",
        "lovelace_copy_example": "Copie este exemplo para seu clipboard",
        "lovelace_instruction": "Quando você adicionar isso à sua configuração do lovelace, use este",
        "lovelace_no_js_type": "Não foi possível determinar o tipo deste plug-in, verifique o repositório.",
        "newest": "O mais novo",
        "note_appdaemon": "Você ainda precisa adicioná-lo ao seu arquivo 'apps.yaml'",
        "note_installed": "Quando instalado, ele estará localizado em",
        "note_integration": "Você ainda precisa adicioná-lo ao seu arquivo 'configuration.yaml'",
        "note_plugin": "você ainda precisará adicioná-lo à sua configuração do lovelace ('ui-lovelace.yaml' ou o editor de configuração da interface do usuário)",
        "open_issue": "Open issue",
        "open_plugin": "Plugin aberto",
        "reinstall": "Reinstalar",
        "repository": "Repositório",
        "show_beta": "Mostrar beta",
        "uninstall": "Desinstalar",
        "update_information": "Atualizar informação",
        "upgrade": "Melhorar"
    },
    "settings": {
        "add_custom_repository": "ADICIONAR REPOSITÓRIO PERSONALIZADO",
        "category": "Categoria",
        "custom_repositories": "REPOSITÓRIOS PERSONALIZADOS",
        "delete": "Deletar",
        "display": "Display",
        "grid": "Grade",
        "hacs_repo": "HACS repo",
        "reload_data": "Recarregar dados",
        "save": "Salvar",
        "table": "Tabela",
        "upgrade_all": "Atualizar tudo"
    },
    "store": {
        "placeholder_search": "Por favor insira um termo de pesquisa..."
    }
}